Name,Country,Field,Degree,Amount,Deadline,GPA Required,Language Requirement,Description,URL,Success Rate,Duration,Work Experience Required,Notes 2026
Fulbright Foreign Student Program,USA,All Fields,Masters/PhD,Full Tuition + Stipend + Airfare + Health Insurance,2026-10-15,3.5,IELTS 6.5 or TOEFL 79,US government ka most prestigious scholarship. 4000 awards annually. Tuition + living stipend + round trip airfare + health insurance fully covered. Apply through US Embassy in your country.,https://foreign.fulbrightonline.org,15%,1-2 years,No,Deadline varies by country. 2027-28 cycle opens Spring 2026. Check US Embassy Pakistan website.
Chevening Scholarship 2027-28,UK,All Fields,Masters,Full Tuition + 1378-1690 GBP/month + Airfare,2026-10-07,3.0,University requirement only - no separate IELTS for Chevening itself,UK government flagship scholarship for future leaders. ~1500 awards yearly. Covers full tuition + monthly stipend + return flights + visa fee + arrival allowance.,https://chevening.org,8%,1 year,Yes - 2800 hours / 2 years,Applications open August 2026 for 2027-28 cycle. 2026-27 cycle already closed Oct 2025.
Gates Cambridge Scholarship 2027-28,UK,All Fields,Masters/PhD,Full Tuition + 21000 GBP/year + Airfare + Visa Costs,2026-12-03,3.7,IELTS 7.5 Cambridge requirement,Bill and Melinda Gates Foundation funded. ~80 awards per year worldwide. Full Cambridge fees + maintenance + airfare + visa costs + up to 2000 GBP academic development fund.,https://gatescambridge.org,2%,1-7 years,No,US citizens deadline Oct 2026. International students Dec 2026 or Jan 2027 by course. Opens Sep 2026.
DAAD Scholarship 2026,Germany,STEM / Sciences / Social Sciences,Masters/PhD,934 EUR/month Masters or 1200 EUR/month PhD + Health + Travel,2026-10-15,3.2,German B2 OR IELTS 6.0,German Academic Exchange Service. One of worlds largest scholarship organizations. Monthly stipend + health insurance + travel subsidy + study allowance.,https://daad.de/en,30%,1-2 years,No,Multiple programs available. Check daad.de for program-specific deadlines. Development-Related Postgraduate Courses popular for Pakistanis.
Australia Awards Scholarship 2026,Australia,Agriculture / Education / Health / Infrastructure,Masters/PhD,Full Tuition + 27082 AUD/year + Airfare + Health Cover + Establishment Allowance,2026-04-30,3.0,IELTS 6.5,Australian Government scholarship for developing countries. Full coverage including pre-course English training if needed. Pakistan is eligible country.,https://australiaawards.gov.au,25%,2-4 years,No,Apply through Australian High Commission Islamabad. Opens Jan-Feb closes April/May annually.
Erasmus Mundus Joint Masters 2026,Europe Multiple Countries,Various depends on program,Masters,24000 EUR/year non-EU or 16000 EUR/year EU students,2026-01-15,3.0,IELTS 6.5 varies by program,EU-funded joint degree taught across 2-3 European universities. 200+ programs available. Living costs + tuition + travel covered. Study in multiple countries.,https://erasmus-plus.ec.europa.eu,20%,1-2 years,No,Each program has own deadline - most close Jan-Feb 2026 for Sep 2026 intake. Check specific program website.
Rotary Peace Fellowship 2027,USA / Japan / Sweden / UK / Uganda / Australia,Peace and Development / International Relations / Public Health,Masters,Full Tuition + Stipend + Airfare + All Expenses,2027-05-15,3.0,IELTS or TOEFL required varies by host university,For committed peacebuilders. ~130 fellows per year across 6 host universities worldwide. Fully funded. Very competitive - leadership and community service essential.,https://rotary.org/en/our-programs/peace-fellowships,10%,1-2 years,Yes - 3 plus years,Apply through local Rotary Club. Next cohort opens May 2026 for 2027 intake.
Rhodes Scholarship 2027,UK,All Fields,Masters/PhD,21000 GBP/year + Full Oxford Fees + Airfare,2026-10-01,3.7,IELTS 7.0,Oldest and most prestigious international scholarship est 1902. University of Oxford. ~100 scholars/year from 64 countries. Extraordinary academic + leadership record required.,https://rhodeshouse.ox.ac.uk,2%,2-3 years,No,Extremely competitive. Pakistan quota exists. Check rhodeshouse.ox.ac.uk for country deadlines around Oct 2026.
Commonwealth Scholarship 2026,UK,STEM / Agriculture / Health / Governance,Masters/PhD,Full Tuition + 1347 GBP/month + Airfare + Thesis Grant,2026-12-17,3.0,IELTS 6.0,UK government scholarship for Commonwealth country citizens. 700+ awards annually. Research-focused - strong academic record essential. Pakistan is eligible.,https://cscuk.fcdo.gov.uk,18%,1-3 years,No,Apply via Higher Education Commission HEC Pakistan. Opens around Oct-Dec annually.
Swedish Institute Scholarship SISGP 2026,Sweden,All Fields priority sustainable development,Masters,13000 SEK/month + 15000 SEK Establishment Grant + Insurance,2026-02-10,3.2,IELTS 6.5 or TOEFL 90,Swedish government scholarship for students from eligible countries including Pakistan. Living allowance + establishment grant + travel grant + insurance coverage.,https://si.se/en/apply/scholarships,25%,1-2 years,No,Open to Pakistani students. Applications typically open Nov-Dec close Feb. Check si.se for exact 2026-27 dates.
Japanese MEXT Scholarship 2027,Japan,All Fields,Masters/PhD,144000-145000 JPY/month + Full Tuition + Airfare,2026-05-31,3.0,JLPT N2 OR IELTS 5.5 some programs,Japanese Ministry of Education scholarship. Japanese language training included 6 months pre-study. Covers everything. Apply through Japanese Embassy Islamabad.,https://www.studyinjapan.go.jp/en,20%,2-5 years,No,Embassy recommendation or university recommendation route. Opens around April-May annually.
Aga Khan Foundation International Scholarship 2026,Various top global universities,Health / Education / Rural Development / Natural Resources,Masters,50 percent Grant plus 50 percent Loan - loan forgiven for community service,2026-03-31,3.0,IELTS 6.0,Need-based plus merit scholarship for students from developing countries. Focus on fields impacting quality of life. Strong community service record required.,https://www.akdn.org/our-agencies/aga-khan-foundation/international-scholarships,15%,1-2 years,No,Pakistani students can apply. Applications open January each year. Financial need is key criterion alongside academic merit.
Korean Government Scholarship KGSP 2026,South Korea,All Fields,Masters/PhD,Full Tuition + 900000 KRW/month + Korean Language Training + Airfare,2026-02-28,3.0,IELTS 5.5 or TOPIK Level 3,Korean government fully funded scholarship. Includes 1 year free Korean language training before studies. Growing English-medium programs available.,https://www.niied.go.kr/eng,30%,2-3 years,No,Pakistani students eligible via embassy route. Embassy in Islamabad handles applications. Quota system applies.
Chinese Government Scholarship CSC 2026,China,All Fields,Masters/PhD,Full Tuition + 3000 CNY/month Masters + Accommodation + Airfare + Insurance,2026-03-15,3.0,IELTS 6.0 or HSK 4 Chinese,China Scholarship Council scholarship. 50000 plus awards annually. Largest scholarship program in Asia. Many English programs. Strong Pakistan-China relations.,https://www.csc.edu.cn/studyinchina,40%,2-4 years,No,Very accessible for Pakistani students. HEC Pakistan has quota. Also apply directly through Chinese universities. Good option with lower CGPA.
HEC Need Based Scholarship Pakistan,Pakistan,All Fields,Undergraduate / Masters,Full Tuition + 5000 PKR/month stipend,2026-06-30,2.5,No language test required,Higher Education Commission Pakistan need-based scholarship for deserving students studying in Pakistani universities. Merit plus financial need based.,https://www.hec.gov.pk/english/scholarshipsAwards/Pages/Need-Based-Scholarship.aspx,60%,4 years,No,Exclusively for Pakistani students in Pakistan. Financial need documentation required. Highest acceptance rate.
Stipendium Hungaricum 2026,Hungary,All Fields,Masters/PhD,Full Tuition + 130000-180000 HUF/month + Accommodation + Health Insurance,2026-01-16,3.0,IELTS 5.5 or TOEFL 72,Hungarian government scholarship via bilateral agreements. 7000 plus scholarships available. Good for STEM and Arts. Many English programs at top Hungarian universities.,https://stipendiumhungaricum.hu,45%,2-4 years,No,Pakistan has bilateral agreement. Apply through HEC Pakistan. Deadline usually mid-January each year. One of easier options.
